81;EmbeddedAssets_Wall
80;EmbeddedAssets_PUTIN
79;EmbeddedAssets_RNXml
78;EmbeddedAssets_En_2_Loc
77;EmbeddedAssets_RedNum
76;EmbeddedAssets_FontSilverExport
75;EmbeddedAssets_artXml
74;EmbeddedAssets_GoldMini
73;EmbeddedAssets_art
72;EmbeddedAssets_En_1_Loc
71;EmbeddedAssets__JS
70;EmbeddedAssets_FontGoldExport
69;EmbeddedAssets_GoldMiniXml
68;EmbeddedAssets__JS1
67;EmbeddedAssets__JS3
66;EmbeddedAssets__PNG2
65;EmbeddedAssets_GoldXML
64;EmbeddedAssets__PNG3
63;EmbeddedAssets__JS2
62;EmbeddedAssets__PNG
61;EmbeddedAssets__JS5
60;EmbeddedAssets__JS4
59;EmbeddedAssets__PNG1
58;EmbeddedAssets_Map
57;EmbeddedAssets__PNG4
56;EmbeddedAssets__PNG5
55;EmbeddedAssets_En_3_Loc
54;EmbeddedAssets_Hero
53;EmbeddedAssets_En_5_Loc
52;EmbeddedAssets_art4
51;EmbeddedAssets_art3
50;EmbeddedAssets_art2
49;EmbeddedAssets_artXml2
48;EmbeddedAssets_artXml3
47;EmbeddedAssets_artXml4
46;EmbeddedAssets_SilverXML
45;EmbeddedAssets_En_4_Loc
36;BlackScreen
34;sound_41
33;sound_42
32;sound_43
31;sound_07
30;sound_12
29;sound_50
28;sound_47
27;sound_45
26;sound_40
25;sound_51
24;sound_52
23;sound_53
22;sound_58
21;sound_55
20;sound_44
19;sound_33
18;sound_02
17;sound_46
16;mus_2
15;sound_49
14;sound_48
13;sound_61
12;sound_56
11;mus_1
10;sound_57
9;sound_13
8;sound_16
7;sound_17
6;sound_19
5;sound_18
4;sound_59
3;sound_60
2;sound_54
1;sound_01
0;com.Main
